{"stat.useItem.minecraft.string":1,"stat.cakeSlicesEaten":6,"stat.useItem.minecraft.bow":148,"stat.useItem.minecraft.painting":1,"stat.leaveGame":19,"stat.mineBlock.minecraft.cobblestone":62,"stat.mineBlock.minecraft.pumpkin":3,"stat.entityKilledBy.Witch":1,"stat.useItem.minecraft.soul_sand":32,"stat.mineBlock.minecraft.brown_mushroom":2,"stat.useItem.minecraft.diamond_sword":112,"stat.mineBlock.minecraft.sandstone":3,"stat.killEntity.PigZombie":2,"stat.swimOneCm":89653,"stat.useItem.minecraft.planks":3,"stat.mineBlock.minecraft.web":6,"stat.useItem.minecraft.golden_shovel":32,"stat.entityKilledBy.PigZombie":2,"stat.enderchestOpened":20,"stat.useItem.minecraft.obsidian":15,"stat.useItem.minecraft.dirt":54,"stat.useItem.minecraft.mob_spawner":10,"achievement.exploreAllBiomes":{"value":0,"progress":["Beach","Forest","Ocean","River","Hell"]},"stat.mineBlock.minecraft.red_mushroom":22,"stat.mineBlock.minecraft.nether_brick_fence":2,"stat.useItem.minecraft.egg":2,"stat.mineBlock.minecraft.noteblock":2,"stat.useItem.minecraft.anvil":2,"stat.flyOneCm":232607,"stat.mineBlock.minecraft.sand":95,"stat.killEntity.Witch":1,"stat.useItem.minecraft.cooked_beef":5,"stat.mineBlock.minecraft.iron_ore":3,"stat.timeSinceDeath":103277,"stat.useItem.minecraft.sign":1,"stat.useItem.minecraft.spawn_egg":4,"stat.craftItem.minecraft.iron_door":3,"stat.useItem.minecraft.iron_door":14,"stat.craftItem.minecraft.iron_block":4,"stat.useItem.minecraft.noteblock":1,"stat.useItem.minecraft.lever":7,"stat.mineBlock.minecraft.hopper":1,"stat.furnaceInteraction":2,"stat.useItem.minecraft.nether_wart":31,"stat.killEntity.Wolf":2,"stat.mineBlock.minecraft.nether_brick":33,"stat.killEntity.Creeper":1,"stat.noteblockPlayed":5,"stat.useItem.minecraft.cooked_mutton":5,"stat.mineBlock.minecraft.wooden_button":1,"achievement.mineWood":79,"stat.killEntity.Squid":2,"stat.sprintOneCm":14469,"stat.useItem.minecraft.diamond_shovel":35,"stat.useItem.minecraft.diamond_block":36,"stat.useItem.minecraft.fence":2,"stat.craftItem.minecraft.stick":12,"achievement.openInventory":261,"stat.mineBlock.minecraft.fence":2,"stat.mineBlock.minecraft.crafting_table":1,"stat.useItem.minecraft.wooden_button":1,"stat.useItem.minecraft.diamond_pickaxe":638,"stat.useItem.minecraft.carrot":1,"stat.useItem.minecraft.hopper":1,"stat.mineBlock.minecraft.soul_sand":56,"stat.mineBlock.minecraft.planks":27,"stat.deaths":14,"stat.drop":137,"stat.playOneMinute":531092,"stat.killEntity.Sheep":7,"stat.craftItem.minecraft.diamond_pickaxe":1,"stat.killEntity.Zombie":22,"stat.mineBlock.minecraft.tallgrass":6,"stat.diveOneCm":52191,"stat.chestOpened":87,"stat.mineBlock.minecraft.netherrack":27,"stat.useItem.minecraft.diamond_axe":164,"stat.mineBlock.minecraft.anvil":2,"stat.useItem.minecraft.ender_chest":7,"stat.useItem.minecraft.flower_pot":2,"stat.jump":1658,"stat.useItem.minecraft.sand":23,"stat.fallOneCm":20041,"stat.crouchOneCm":25337,"stat.mineBlock.minecraft.chest":2,"stat.craftItem.minecraft.chest":1,"stat.mineBlock.minecraft.lever":5,"stat.craftingTableInteraction":12,"stat.useItem.minecraft.glass":27,"stat.mineBlock.minecraft.wooden_pressure_plate":1,"stat.useItem.minecraft.sapling":2,"stat.mineBlock.minecraft.glass_pane":14,"stat.brewingstandInteraction":7,"stat.damageTaken":3467,"stat.mineBlock.minecraft.torch":4,"stat.mineBlock.minecraft.furnace":1,"stat.useItem.minecraft.reeds":2,"stat.noteblockTuned":108,"stat.entityKilledBy.Zombie":2,"stat.mineBlock.minecraft.gravel":3,"stat.mineBlock.minecraft.glass":6,"stat.damageDealt":11336,"stat.killEntity.Rabbit":2,"stat.mineBlock.minecraft.ender_chest":8,"stat.killEntity.Cow":4,"stat.mineBlock.minecraft.dirt":177,"stat.killEntity.Pig":2,"stat.flowerPotted":2,"stat.walkOneCm":1599327,"stat.useItem.minecraft.torch":2,"stat.useItem.minecraft.bread":1,"stat.animalsBred":4,"stat.playerKills":1,"stat.useItem.minecraft.chest":2,"stat.useItem.minecraft.pumpkin":3,"stat.useItem.minecraft.log":2,"stat.useItem.minecraft.cobblestone":186,"stat.useItem.minecraft.tnt":56,"stat.useItem.minecraft.gravel":1,"stat.mineBlock.minecraft.wool":2,"stat.useItem.minecraft.glass_pane":14,"stat.killEntity.Skeleton":7,"stat.mineBlock.minecraft.tnt":5,"stat.craftItem.minecraft.planks":8,"stat.killEntity.Chicken":18,"stat.useItem.minecraft.iron_block":4,"stat.killEntity.Spider":2,"stat.mineBlock.minecraft.quartz_ore":24,"stat.mineBlock.minecraft.glowstone":18,"stat.mobKills":73,"stat.mineBlock.minecraft.log":82,"stat.useItem.minecraft.golden_apple":1,"stat.craftItem.minecraft.golden_shovel":1,"stat.mineBlock.minecraft.leaves":17,"stat.useItem.minecraft.writable_book":1,"stat.useItem.minecraft.brewing_stand":3,"stat.mineBlock.minecraft.stone":121,"stat.useItem.minecraft.sandstone":24,"stat.useItem.minecraft.web":6}