{"stat.chestOpened":7,"stat.walkOneCm":130547,"stat.useItem.minecraft.potato":1,"stat.leaveGame":2,"stat.jump":186,"stat.swimOneCm":3326,"stat.fallOneCm":2312,"stat.crouchOneCm":426,"stat.useItem.minecraft.dirt":26,"stat.sprintOneCm":39032,"achievement.exploreAllBiomes":{"value":0,"progress":["Beach","River","Forest","Ocean","Plains","Savanna","Deep Ocean"]},"achievement.openInventory":10,"stat.useItem.minecraft.flint_and_steel":20,"stat.damageTaken":80,"stat.useItem.minecraft.carrot":10,"stat.useItem.minecraft.ender_eye":63,"stat.flyOneCm":143741,"stat.useItem.minecraft.end_portal_frame":63,"stat.drop":2,"stat.playOneMinute":91075,"stat.timeSinceDeath":91075,"stat.mineBlock.minecraft.dirt":1,"stat.diveOneCm":30713}