{"stat.useItem.minecraft.bow":9,"stat.useItem.minecraft.quartz_block":14,"stat.useItem.minecraft.painting":3,"stat.leaveGame":72,"stat.mineBlock.minecraft.cobblestone":11,"stat.useItem.minecraft.beacon":1,"stat.killEntity.Blaze":7,"stat.useItem.minecraft.diamond_sword":106,"stat.useItem.minecraft.glowstone":28,"stat.killEntity.PigZombie":2,"stat.swimOneCm":104757,"stat.mineBlock.minecraft.diamond_block":47,"stat.useItem.minecraft.planks":339,"stat.useItem.minecraft.obsidian":38,"stat.useItem.minecraft.dirt":120,"stat.useItem.minecraft.mob_spawner":20,"achievement.exploreAllBiomes":{"value":0,"progress":["Sunflower Plains","Beach","Forest","River","Ocean","Plains","Extreme Hills","Swampland","Deep Ocean","Hell"]},"stat.useItem.minecraft.egg":1,"stat.killEntity.Enderman":2,"stat.mineBlock.minecraft.obsidian":11,"stat.mineBlock.minecraft.carpet":2,"stat.useItem.minecraft.anvil":3,"stat.flyOneCm":2793599,"stat.mineBlock.minecraft.sand":35,"stat.useItem.minecraft.cooked_beef":67,"stat.mineBlock.minecraft.iron_ore":6,"stat.timeSinceDeath":291424,"stat.useItem.minecraft.sign":17,"stat.useItem.minecraft.spawn_egg":38,"stat.useItem.minecraft.iron_door":1,"stat.useItem.minecraft.lever":8,"stat.useItem.minecraft.oak_stairs":54,"stat.furnaceInteraction":5,"stat.killEntity.Wolf":1,"stat.useItem.minecraft.cooked_porkchop":5,"stat.mineBlock.minecraft.nether_brick":8,"stat.killEntity.Creeper":9,"stat.useItem.minecraft.armor_stand":1,"achievement.mineWood":41,"stat.useItem.minecraft.written_book":1,"stat.useItem.minecraft.spruce_fence":1,"stat.useItem.minecraft.trapdoor":3,"stat.sprintOneCm":1317951,"stat.useItem.minecraft.diamond_shovel":151,"stat.useItem.minecraft.diamond_block":10,"stat.useItem.minecraft.fence":435,"stat.useItem.minecraft.stone_stairs":27,"stat.craftItem.minecraft.stick":4,"stat.useItem.minecraft.dark_oak_door":4,"stat.useItem.minecraft.stone_slab":28,"stat.useItem.minecraft.bed":4,"achievement.openInventory":353,"stat.mineBlock.minecraft.diamond_ore":1,"stat.useItem.minecraft.flint_and_steel":2,"stat.mineBlock.minecraft.fence":2,"stat.useItem.minecraft.diamond_pickaxe":225,"stat.useItem.minecraft.bucket":1,"stat.mineBlock.minecraft.planks":18,"stat.deaths":2,"stat.drop":91,"stat.playOneMinute":1779302,"stat.killEntity.Sheep":4,"stat.useItem.minecraft.nether_brick":3,"stat.killEntity.Zombie":16,"stat.mineBlock.minecraft.tallgrass":15,"stat.diveOneCm":164886,"stat.chestOpened":110,"stat.useItem.minecraft.sticky_piston":7,"stat.craftItem.minecraft.sign":3,"stat.useItem.minecraft.stone":470,"stat.useItem.minecraft.quartz_stairs":11,"stat.mineBlock.minecraft.netherrack":1,"stat.useItem.minecraft.sponge":1,"stat.useItem.minecraft.diamond_axe":138,"stat.mineBlock.minecraft.anvil":1,"stat.useItem.minecraft.carpet":2,"stat.useItem.minecraft.potion":9,"stat.jump":9721,"stat.useItem.minecraft.sand":154,"stat.fallOneCm":80881,"stat.crouchOneCm":50727,"stat.mineBlock.minecraft.chest":1,"stat.mineBlock.minecraft.lever":3,"stat.useItem.minecraft.stone_button":5,"stat.craftingTableInteraction":7,"stat.useItem.minecraft.glass":285,"stat.boatOneCm":11589,"stat.useItem.minecraft.redstone_lamp":4,"stat.damageTaken":1341,"stat.mineBlock.minecraft.torch":1,"stat.useItem.minecraft.furnace":26,"stat.noteblockTuned":3,"stat.mineBlock.minecraft.spruce_fence":1,"stat.mineBlock.minecraft.beacon":1,"stat.damageDealt":19731,"stat.killEntity.Rabbit":1,"stat.useItem.minecraft.wool":2,"stat.useItem.minecraft.crafting_table":3,"stat.mineBlock.minecraft.dirt":136,"stat.killEntity.Pig":1,"stat.mineBlock.minecraft.quartz_stairs":1,"stat.useItem.minecraft.command_block":3,"stat.walkOneCm":4918227,"stat.useItem.minecraft.torch":5,"stat.useItem.minecraft.chest":20,"stat.playerKills":1,"stat.useItem.minecraft.log":294,"stat.useItem.minecraft.cobblestone":91,"stat.useItem.minecraft.lava_bucket":14,"stat.useItem.minecraft.stained_hardened_clay":142,"stat.useItem.minecraft.leaves":98,"stat.useItem.minecraft.netherrack":44,"stat.killEntity.Skeleton":17,"stat.craftItem.minecraft.planks":100,"stat.killEntity.Chicken":1,"stat.useItem.minecraft.barrier":3,"stat.useItem.minecraft.iron_block":133,"stat.killEntity.Spider":6,"stat.mineBlock.minecraft.quartz_ore":13,"stat.mobKills":73,"stat.mineBlock.minecraft.log":53,"stat.craftItem.minecraft.wooden_door":3,"stat.craftItem.minecraft.fence":9,"stat.useItem.minecraft.wooden_door":7,"stat.mineBlock.minecraft.leaves":7,"stat.useItem.minecraft.writable_book":7,"stat.mineBlock.minecraft.stone":120}