{"stat.chestOpened":3,"stat.walkOneCm":90669,"stat.leaveGame":1,"stat.jump":308,"stat.swimOneCm":15067,"stat.useItem.minecraft.sand":9,"stat.fallOneCm":5412,"stat.entityKilledBy.PigZombie":1,"stat.crouchOneCm":1,"stat.enderchestOpened":1,"stat.sprintOneCm":819,"achievement.exploreAllBiomes":{"value":0,"progress":["Beach","Forest","River","Ocean","Hell"]},"achievement.openInventory":4,"stat.damageTaken":330,"stat.noteblockTuned":1,"stat.flyOneCm":1646,"stat.deaths":2,"stat.drop":3,"stat.mineBlock.minecraft.sand":2,"stat.playOneMinute":23316,"stat.timeSinceDeath":1634,"stat.mineBlock.minecraft.dirt":2,"stat.diveOneCm":22140}