{"stat.useItem.minecraft.bow":39,"stat.useItem.minecraft.quartz_block":21,"stat.useItem.minecraft.painting":111,"stat.leaveGame":61,"stat.useItem.minecraft.bookshelf":6,"stat.mineBlock.minecraft.sandstone":28,"stat.useItem.minecraft.mutton":11,"stat.mineBlock.minecraft.stained_glass":3,"stat.useItem.minecraft.planks":108,"stat.useItem.minecraft.nether_brick_stairs":19,"stat.useItem.minecraft.golden_shovel":33,"stat.useItem.minecraft.water_bucket":16,"stat.entityKilledBy.Spider":1,"stat.killEntity.Enderman":1,"stat.mineBlock.minecraft.wooden_slab":12,"stat.useItem.minecraft.anvil":4,"stat.craftItem.minecraft.iron_shovel":1,"stat.mineBlock.minecraft.sand":181,"stat.craftItem.minecraft.wooden_hoe":2,"stat.useItem.minecraft.iron_pickaxe":89,"stat.useItem.minecraft.spawn_egg":137,"stat.craftItem.minecraft.wooden_pickaxe":1,"stat.craftItem.minecraft.iron_door":3,"stat.useItem.minecraft.iron_shovel":226,"stat.craftItem.minecraft.bed":1,"stat.mineBlock.minecraft.sticky_piston":4,"stat.useItem.minecraft.oak_stairs":9,"stat.furnaceInteraction":9,"stat.noteblockPlayed":2,"stat.useItem.minecraft.double_plant":4,"stat.useItem.minecraft.cooked_mutton":9,"stat.useItem.minecraft.redstone":52,"achievement.mineWood":46,"stat.mineBlock.minecraft.stained_hardened_clay":9,"stat.useItem.minecraft.stained_glass":68,"stat.useItem.minecraft.fence":166,"achievement.openInventory":577,"stat.useItem.minecraft.flint_and_steel":36,"stat.mineBlock.minecraft.fence":13,"stat.useItem.minecraft.wheat_seeds":5,"stat.useItem.minecraft.beef":2,"stat.deaths":20,"stat.playOneMinute":1329503,"stat.craftItem.minecraft.wooden_shovel":1,"stat.craftItem.minecraft.diamond_block":7,"stat.mineBlock.minecraft.tallgrass":2,"stat.chestOpened":120,"stat.useItem.minecraft.stone":1027,"stat.mineBlock.minecraft.netherrack":16,"stat.useItem.minecraft.sponge":7,"stat.craftItem.minecraft.quartz_block":4,"stat.mineBlock.minecraft.gold_block":2,"stat.fallOneCm":32022,"stat.crouchOneCm":24790,"stat.mineBlock.minecraft.chest":2,"stat.craftItem.minecraft.chest":7,"stat.mineBlock.minecraft.lever":6,"stat.craftingTableInteraction":63,"stat.useItem.minecraft.furnace":1,"stat.mineBlock.minecraft.spruce_fence":1,"stat.mineBlock.minecraft.gravel":42,"stat.useItem.minecraft.stone_pickaxe":159,"stat.mineBlock.minecraft.glass":3,"stat.useItem.minecraft.stone_sword":21,"stat.useItem.minecraft.enchanting_table":4,"stat.useItem.minecraft.wool":2,"stat.mineBlock.minecraft.dirt":635,"stat.useItem.minecraft.torch":55,"stat.useItem.minecraft.bread":11,"stat.useItem.minecraft.log":11,"stat.useItem.minecraft.cobblestone":334,"stat.craftItem.minecraft.crafting_table":2,"stat.mineBlock.minecraft.iron_block":4,"stat.craftItem.minecraft.planks":428,"stat.useItem.minecraft.barrier":55,"stat.useItem.minecraft.wooden_pressure_plate":3,"stat.mineBlock.minecraft.log":44,"stat.craftItem.minecraft.wooden_door":3,"stat.useItem.minecraft.wooden_door":7,"stat.useItem.minecraft.monster_egg":1,"stat.craftItem.minecraft.enchanting_table":1,"stat.mineBlock.minecraft.cobblestone":54,"stat.mineBlock.minecraft.yellow_flower":2,"stat.useItem.minecraft.diamond_sword":40,"stat.craftItem.minecraft.wool":9,"stat.swimOneCm":199250,"stat.mineBlock.minecraft.diamond_block":4,"achievement.buildWorkBench":2,"stat.enderchestOpened":6,"stat.useItem.minecraft.obsidian":38,"stat.useItem.minecraft.redstone_torch":2,"stat.useItem.minecraft.dirt":1397,"achievement.exploreAllBiomes":{"value":0,"progress":["Beach","Forest","Ocean","River","Plains","Swampland","Hell","Savanna","Deep Ocean"]},"stat.useItem.minecraft.red_flower":22,"stat.mineBlock.minecraft.clay":7,"stat.useItem.minecraft.stone_shovel":7,"stat.flyOneCm":693111,"stat.craftItem.minecraft.wooden_slab":12,"stat.useItem.minecraft.cooked_beef":3,"stat.timeSinceDeath":82484,"stat.useItem.minecraft.sign":47,"stat.useItem.minecraft.wooden_slab":15,"stat.useItem.minecraft.iron_door":5,"stat.useItem.minecraft.lever":10,"stat.useItem.minecraft.potato":6,"stat.mineBlock.minecraft.enchanting_table":1,"stat.killEntity.Creeper":6,"stat.useItem.minecraft.armor_stand":2,"stat.useItem.minecraft.written_book":2,"stat.useItem.minecraft.spruce_fence":16,"stat.sprintOneCm":224619,"stat.useItem.minecraft.diamond_block":6,"stat.craftItem.minecraft.stick":88,"stat.useItem.minecraft.stone_slab":14,"stat.useItem.minecraft.bed":13,"stat.craftItem.minecraft.stone":64,"stat.mineBlock.minecraft.crafting_table":1,"stat.useItem.minecraft.diamond_pickaxe":797,"stat.useItem.minecraft.carrot":11,"stat.useItem.minecraft.ender_eye":12,"stat.useItem.minecraft.wooden_shovel":23,"stat.craftItem.minecraft.wooden_pressure_plate":5,"stat.useItem.minecraft.bucket":15,"stat.breakItem.minecraft.golden_shovel":1,"stat.mineBlock.minecraft.planks":12,"stat.drop":212,"stat.useItem.minecraft.cake":2,"stat.killEntity.Sheep":4,"stat.useItem.minecraft.diamond_ore":1,"stat.craftItem.minecraft.diamond_pickaxe":1,"stat.killEntity.Zombie":16,"stat.useItem.minecraft.birch_stairs":33,"stat.craftItem.minecraft.diamond_axe":1,"stat.diveOneCm":175975,"stat.useItem.minecraft.sticky_piston":6,"stat.useItem.minecraft.quartz_stairs":18,"stat.mineBlock.minecraft.anvil":4,"stat.useItem.minecraft.diamond_axe":1,"stat.useItem.minecraft.potion":1,"stat.craftItem.minecraft.diamond_sword":1,"stat.useItem.minecraft.bedrock":128,"stat.jump":2853,"stat.useItem.minecraft.sand":121,"stat.useItem.minecraft.wooden_hoe":24,"stat.craftItem.minecraft.lever":4,"stat.useItem.minecraft.stone_axe":97,"stat.craftItem.minecraft.torch":12,"stat.useItem.minecraft.cooked_chicken":3,"stat.useItem.minecraft.glass":86,"stat.boatOneCm":7249,"stat.useItem.minecraft.sapling":2,"stat.craftItem.minecraft.flint_and_steel":1,"stat.damageTaken":4120,"stat.useItem.minecraft.stone_brick_stairs":2,"stat.mineBlock.minecraft.torch":3,"stat.mineBlock.minecraft.furnace":1,"stat.useItem.minecraft.wooden_pickaxe":58,"stat.useItem.minecraft.gold_block":15,"stat.useItem.minecraft.acacia_door":3,"stat.noteblockTuned":1,"stat.useItem.minecraft.end_portal_frame":12,"stat.useItem.minecraft.birch_fence":7,"stat.entityKilledBy.Zombie":4,"stat.damageDealt":7245,"stat.craftItem.minecraft.glass":56,"stat.mineBlock.minecraft.nether_brick_stairs":7,"stat.useItem.minecraft.crafting_table":4,"stat.walkOneCm":3571273,"stat.mineBlock.minecraft.birch_fence":1,"stat.useItem.minecraft.chest":9,"stat.playerKills":1,"stat.useItem.minecraft.pumpkin":10,"stat.useItem.minecraft.tnt":206,"stat.breakItem.minecraft.stone_pickaxe":1,"stat.useItem.minecraft.redstone_block":5,"stat.useItem.minecraft.item_frame":7,"stat.useItem.minecraft.birch_fence_gate":2,"stat.mineBlock.minecraft.wool":1,"stat.useItem.minecraft.stained_hardened_clay":431,"stat.useItem.minecraft.leaves":12,"stat.useItem.minecraft.cactus":112,"stat.killEntity.Skeleton":5,"stat.mineBlock.minecraft.cactus":19,"stat.killEntity.Chicken":1,"stat.killEntity.Spider":2,"stat.mineBlock.minecraft.quartz_ore":7,"stat.mobKills":35,"stat.mineBlock.minecraft.bookshelf":6,"stat.craftItem.minecraft.fence":69,"stat.useItem.minecraft.boat":6,"stat.craftItem.minecraft.golden_shovel":1,"stat.mineBlock.minecraft.leaves":12,"stat.useItem.minecraft.writable_book":7,"stat.breakItem.minecraft.wooden_shovel":1,"stat.mineBlock.minecraft.stone":852,"stat.useItem.minecraft.sandstone":10,"stat.breakItem.minecraft.wooden_pickaxe":1}